{
  "__type__": "cc.AnimationClip",
  "_name": "New AnimationClip",
  "_objFlags": 0,
  "_native": "",
  "_duration": 2.6666666666666665,
  "sample": 60,
  "speed": 1,
  "wrapMode": 1,
  "curveData": {
    "props": {
      "x": [
        {
          "frame": 0,
          "value": 641.725
        },
        {
          "frame": 0.48333333333333334,
          "value": -37.515
        },
        {
          "frame": 2.1666666666666665,
          "value": -37.515
        },
        {
          "frame": 2.6666666666666665,
          "value": -980.23
        }
      ]
    }
  },
  "events": []
}